Field name,Is local?,Source code line,Containing class,A method that uses it,Ordered recommendations
types,true,658,com.thoughtworks.xstream.XStream,setupSecurity,Changes the type from java.util.HashSet to treeSet<linkedHashSet
elements,true,53,com.thoughtworks.xstream.converters.extended.ColorConverter,unmarshal,Changes the type from java.util.HashMap to unifiedMap(EclipseCollections)<linkedHashMap<treeMap<hashedMap(ApacheCommonsCollections)
attributes,true,112,com.thoughtworks.xstream.converters.extended.FontConverter,unmarshal,Changes the type from java.util.HashMap to unifiedMap(EclipseCollections)<hashedMap(ApacheCommonsCollections)
systemAttributes,true,229,com.thoughtworks.xstream.converters.extended.ToAttributedValueConverter,unmarshal,Changes the type from java.util.HashSet to treeSet<linkedHashSet
seenFields,true,276,com.thoughtworks.xstream.converters.extended.ToAttributedValueConverter,unmarshal,Changes the type from java.util.HashSet to treeSet<linkedHashSet
propertyNameCache,false,117,com.thoughtworks.xstream.converters.javabean.PropertyDictionary,buildMap,Changes the type from java.util.Map to unifiedMap(EclipseCollections)<linkedHashMap<treeMap<hashedMap(ApacheCommonsCollections)<hashMap<synchronizedUnifiedMap(EclipseCollections)<concurrentHashMap<hashtable<concurrentHashMap(EclipseCollections)<synchronizedLinkedHashMap<concurrentSkipListMap<synchronizedHashMap<staticBucketMap(ApacheCommonsCollections)<synchronizedTreeMap
instanceMaps,false,115,com.thoughtworks.xstream.converters.reflection.AbstractAttributedCharacterIteratorAttributeConverter,readResolve,Changes the type from java.util.Map to unifiedMap(EclipseCollections)<linkedHashMap<treeMap<hashedMap(ApacheCommonsCollections)<hashMap<synchronizedUnifiedMap(EclipseCollections)<concurrentHashMap<hashtable<concurrentHashMap(EclipseCollections)<synchronizedLinkedHashMap<concurrentSkipListMap<synchronizedHashMap<staticBucketMap(ApacheCommonsCollections)<synchronizedTreeMap
attributeMap,false,143,com.thoughtworks.xstream.converters.reflection.AbstractAttributedCharacterIteratorAttributeConverter,readResolve,Changes the type from java.util.Map to unifiedMap(EclipseCollections)<hashedMap(ApacheCommonsCollections)<hashMap<linkedHashMap<treeMap<staticBucketMap(ApacheCommonsCollections)<concurrentHashMap<concurrentHashMap(EclipseCollections)<hashtable<synchronizedHashMap<synchronizedUnifiedMap(EclipseCollections)<synchronizedLinkedHashMap<concurrentSkipListMap<synchronizedTreeMap
writtenAttributes,false,137,com.thoughtworks.xstream.converters.reflection.AbstractReflectionConverter$1,visit,Changes the type from java.util.Set to treeSet<linkedHashSet<hashSet<unifiedSet(Eclipse Collections)<treeSortedSet(Eclipse Collections)<synchronizedHashSet<synchronizedLinkedHashSet<setFromConcurrentHashMap<concurrentSkipListSet<synchronizedTreeSet<synchronizedUnifiedSet(Eclipse Collections)<synchronizedTreeSortedSet(Eclipse Collections)
val$defaultFieldDefinition,false,118,com.thoughtworks.xstream.converters.reflection.AbstractReflectionConverter$1,visit,Changes the type from java.util.Map to unifiedMap(EclipseCollections)<hashedMap(ApacheCommonsCollections)<hashMap<linkedHashMap<treeMap<staticBucketMap(ApacheCommonsCollections)<concurrentHashMap<concurrentHashMap(EclipseCollections)<hashtable<synchronizedHashMap<synchronizedUnifiedMap(EclipseCollections)<synchronizedLinkedHashMap<concurrentSkipListMap<synchronizedTreeMap
hiddenMappers,true,155,com.thoughtworks.xstream.converters.reflection.AbstractReflectionConverter$2,<init>,Changes the type from java.util.HashMap to unifiedMap(EclipseCollections)<linkedHashMap<treeMap<hashedMap(ApacheCommonsCollections)
fieldCache,false,701,com.thoughtworks.xstream.converters.reflection.AbstractReflectionConverter$MappingList,add,Changes the type from java.util.Map to unifiedMap(EclipseCollections)<linkedHashMap<treeMap<hashedMap(ApacheCommonsCollections)<hashMap<synchronizedUnifiedMap(EclipseCollections)<concurrentHashMap<hashtable<concurrentHashMap(EclipseCollections)<synchronizedLinkedHashMap<concurrentSkipListMap<synchronizedHashMap<staticBucketMap(ApacheCommonsCollections)<synchronizedTreeMap
fieldCache,false,182,com.thoughtworks.xstream.converters.reflection.CGLIBEnhancedConverter,getCallbacks,Changes the type from java.util.Map to unifiedMap(EclipseCollections)<linkedHashMap<treeMap<hashedMap(ApacheCommonsCollections)<hashMap<synchronizedUnifiedMap(EclipseCollections)<concurrentHashMap<hashtable<concurrentHashMap(EclipseCollections)<synchronizedLinkedHashMap<concurrentSkipListMap<synchronizedHashMap<staticBucketMap(ApacheCommonsCollections)<synchronizedTreeMap
interfaces,true,243,com.thoughtworks.xstream.converters.reflection.CGLIBEnhancedConverter,createCallbackIndexMap,Changes the type from java.util.HashSet to linkedHashSet<treeSortedSet(Eclipse Collections)<treeSet<unifiedSet(Eclipse Collections)
methods,true,247,com.thoughtworks.xstream.converters.reflection.CGLIBEnhancedConverter,createCallbackIndexMap,Changes the type from java.util.HashSet to linkedHashSet<treeSortedSet(Eclipse Collections)<treeSet<unifiedSet(Eclipse Collections)
serializedDataCache,false,100,com.thoughtworks.xstream.converters.reflection.PureJavaReflectionProvider,instantiateUsingSerialization,Changes the type from java.util.Map to unifiedMap(EclipseCollections)<linkedHashMap<treeMap<hashedMap(ApacheCommonsCollections)<hashMap<synchronizedUnifiedMap(EclipseCollections)<concurrentHashMap<hashtable<concurrentHashMap(EclipseCollections)<synchronizedLinkedHashMap<concurrentSkipListMap<synchronizedHashMap<staticBucketMap(ApacheCommonsCollections)<synchronizedTreeMap
map,false,41,com.thoughtworks.xstream.converters.reflection.SortableFieldKeySorter,sort,Changes the type from java.util.Map to unifiedMap(EclipseCollections)<linkedHashMap<treeMap<hashedMap(ApacheCommonsCollections)<hashMap<synchronizedUnifiedMap(EclipseCollections)<concurrentHashMap<hashtable<concurrentHashMap(EclipseCollections)<synchronizedLinkedHashMap<concurrentSkipListMap<synchronizedHashMap<staticBucketMap(ApacheCommonsCollections)<synchronizedTreeMap
values,false,51,com.thoughtworks.xstream.core.AbstractReferenceUnmarshaller,convert,Changes the type from java.util.Map to unifiedMap(EclipseCollections)<hashedMap(ApacheCommonsCollections)<hashMap<linkedHashMap<treeMap<concurrentHashMap<concurrentHashMap(EclipseCollections)<staticBucketMap(ApacheCommonsCollections)<hashtable<synchronizedUnifiedMap(EclipseCollections)<synchronizedHashMap<synchronizedLinkedHashMap<concurrentSkipListMap<synchronizedTreeMap
typeToConverterMap,false,57,com.thoughtworks.xstream.core.DefaultConverterLookup,lookupConverterForType,Changes the type from java.util.Map to unifiedMap(EclipseCollections)<linkedHashMap<treeMap<hashedMap(ApacheCommonsCollections)<hashMap<synchronizedUnifiedMap(EclipseCollections)<concurrentHashMap<hashtable<concurrentHashMap(EclipseCollections)<synchronizedLinkedHashMap<concurrentSkipListMap<synchronizedHashMap<staticBucketMap(ApacheCommonsCollections)<synchronizedTreeMap
map,false,35,com.thoughtworks.xstream.core.MapBackedDataHolder,get,Changes the type from java.util.Map to unifiedMap(EclipseCollections)<linkedHashMap<treeMap<hashedMap(ApacheCommonsCollections)<hashMap<synchronizedUnifiedMap(EclipseCollections)<concurrentHashMap<hashtable<concurrentHashMap(EclipseCollections)<synchronizedLinkedHashMap<concurrentSkipListMap<synchronizedHashMap<staticBucketMap(ApacheCommonsCollections)<synchronizedTreeMap
classLoaders,false,87,com.thoughtworks.xstream.core.util.CompositeClassLoader,addInternal,Changes the type from java.util.List to treeList(ApacheCommonsCollections)<nodeCachingLinkedList(ApacheCommonsCollections)<linkedList<fastList(EclipseCollections)<synchronizedArrayList<synchronizedFastList(EclipseCollections)<copyOnWriteArrayList<synchronizedLinkedList<vector
map,false,103,com.thoughtworks.xstream.core.util.ObjectIdDictionary,associateId,Changes the type from java.util.Map to unifiedMap(EclipseCollections)<hashedMap(ApacheCommonsCollections)<hashMap<linkedHashMap<concurrentHashMap(EclipseCollections)<treeMap<staticBucketMap(ApacheCommonsCollections)<concurrentHashMap<hashtable<synchronizedUnifiedMap(EclipseCollections)<synchronizedHashMap<synchronizedLinkedHashMap<synchronizedTreeMap<concurrentSkipListMap
valueOrder,false,54,com.thoughtworks.xstream.core.util.OrderRetainingMap,put,Changes the type from java.util.List to treeList(ApacheCommonsCollections)<fastList(EclipseCollections)<arrayList<nodeCachingLinkedList(ApacheCommonsCollections)<linkedList<vector<synchronizedArrayList<synchronizedFastList(EclipseCollections)<synchronizedLinkedList<copyOnWriteArrayList
UNBOX,false,64,com.thoughtworks.xstream.core.util.Primitives,unbox,Changes the type from java.util.Map to unifiedMap(EclipseCollections)<linkedHashMap<treeMap<hashedMap(ApacheCommonsCollections)<hashMap<synchronizedUnifiedMap(EclipseCollections)<concurrentHashMap<hashtable<synchronizedLinkedHashMap<concurrentSkipListMap<concurrentHashMap(EclipseCollections)<synchronizedHashMap<staticBucketMap(ApacheCommonsCollections)<synchronizedTreeMap
NAMED_PRIMITIVE,false,86,com.thoughtworks.xstream.core.util.Primitives,primitiveType,Changes the type from java.util.Map to unifiedMap(EclipseCollections)<linkedHashMap<treeMap<hashedMap(ApacheCommonsCollections)<hashMap<synchronizedUnifiedMap(EclipseCollections)<concurrentHashMap<hashtable<synchronizedLinkedHashMap<concurrentSkipListMap<concurrentHashMap(EclipseCollections)<synchronizedHashMap<staticBucketMap(ApacheCommonsCollections)<synchronizedTreeMap
BOX,false,54,com.thoughtworks.xstream.core.util.Primitives,box,Changes the type from java.util.Map to unifiedMap(EclipseCollections)<linkedHashMap<treeMap<synchronizedUnifiedMap(EclipseCollections)<concurrentSkipListMap<hashMap<hashedMap(ApacheCommonsCollections)<synchronizedLinkedHashMap<synchronizedTreeMap<hashtable<synchronizedHashMap<concurrentHashMap<concurrentHashMap(EclipseCollections)<staticBucketMap(ApacheCommonsCollections)
REPRESENTING_CHAR,false,97,com.thoughtworks.xstream.core.util.Primitives,representingChar,Changes the type from java.util.Map to unifiedMap(EclipseCollections)<linkedHashMap<hashedMap(ApacheCommonsCollections)<hashMap<treeMap<concurrentHashMap<synchronizedUnifiedMap(EclipseCollections)<hashtable<concurrentHashMap(EclipseCollections)<synchronizedLinkedHashMap<synchronizedHashMap<staticBucketMap(ApacheCommonsCollections)<concurrentSkipListMap<synchronizedTreeMap
set,false,43,com.thoughtworks.xstream.core.util.PrioritizedList,iterator,Changes the type from java.util.Set to linkedHashSet<treeSet<treeSortedSet(Eclipse Collections)<hashSet<unifiedSet(Eclipse Collections)<synchronizedLinkedHashSet<concurrentSkipListSet<synchronizedHashSet<synchronizedTreeSet<setFromConcurrentHashMap<synchronizedUnifiedSet(Eclipse Collections)<synchronizedTreeSortedSet(Eclipse Collections)
map,false,227,com.thoughtworks.xstream.io.binary.BinaryStreamReader$IdRegistry,put,Changes the type from java.util.Map to unifiedMap(EclipseCollections)<hashedMap(ApacheCommonsCollections)<linkedHashMap<hashMap<treeMap<concurrentHashMap<concurrentHashMap(EclipseCollections)<hashtable<synchronizedUnifiedMap(EclipseCollections)<staticBucketMap(ApacheCommonsCollections)<synchronizedHashMap<synchronizedLinkedHashMap<concurrentSkipListMap<synchronizedTreeMap
java2Attribute,false,67,com.thoughtworks.xstream.io.naming.StaticNameCoder,encodeAttribute,Changes the type from java.util.Map to unifiedMap(EclipseCollections)<linkedHashMap<treeMap<synchronizedUnifiedMap(EclipseCollections)<concurrentSkipListMap<hashMap<hashedMap(ApacheCommonsCollections)<synchronizedLinkedHashMap<synchronizedTreeMap<hashtable<synchronizedHashMap<concurrentHashMap<concurrentHashMap(EclipseCollections)<staticBucketMap(ApacheCommonsCollections)
attribute2Java,false,55,com.thoughtworks.xstream.io.naming.StaticNameCoder,decodeAttribute,Changes the type from java.util.Map to unifiedMap(EclipseCollections)<linkedHashMap<treeMap<synchronizedUnifiedMap(EclipseCollections)<concurrentSkipListMap<hashMap<hashedMap(ApacheCommonsCollections)<synchronizedLinkedHashMap<synchronizedTreeMap<hashtable<synchronizedHashMap<concurrentHashMap<concurrentHashMap(EclipseCollections)<staticBucketMap(ApacheCommonsCollections)
java2Node,false,73,com.thoughtworks.xstream.io.naming.StaticNameCoder,encodeNode,Changes the type from java.util.Map to unifiedMap(EclipseCollections)<linkedHashMap<treeMap<synchronizedUnifiedMap(EclipseCollections)<concurrentSkipListMap<hashMap<hashedMap(ApacheCommonsCollections)<synchronizedLinkedHashMap<synchronizedTreeMap<hashtable<synchronizedHashMap<concurrentHashMap<concurrentHashMap(EclipseCollections)<staticBucketMap(ApacheCommonsCollections)
node2Java,false,61,com.thoughtworks.xstream.io.naming.StaticNameCoder,decodeNode,Changes the type from java.util.Map to unifiedMap(EclipseCollections)<linkedHashMap<treeMap<synchronizedUnifiedMap(EclipseCollections)<concurrentSkipListMap<hashMap<hashedMap(ApacheCommonsCollections)<synchronizedLinkedHashMap<synchronizedTreeMap<hashtable<synchronizedHashMap<concurrentHashMap<concurrentHashMap(EclipseCollections)<staticBucketMap(ApacheCommonsCollections)
qnameToJava,false,42,com.thoughtworks.xstream.io.xml.QNameMap,getJavaClassName,Changes the type from java.util.Map to unifiedMap(EclipseCollections)<linkedHashMap<treeMap<hashedMap(ApacheCommonsCollections)<hashMap<synchronizedUnifiedMap(EclipseCollections)<concurrentHashMap<hashtable<concurrentHashMap(EclipseCollections)<synchronizedLinkedHashMap<concurrentSkipListMap<synchronizedHashMap<staticBucketMap(ApacheCommonsCollections)<synchronizedTreeMap
javaToQName,false,56,com.thoughtworks.xstream.io.xml.QNameMap,getQName,Changes the type from java.util.Map to unifiedMap(EclipseCollections)<linkedHashMap<treeMap<hashedMap(ApacheCommonsCollections)<hashMap<synchronizedUnifiedMap(EclipseCollections)<hashtable<concurrentHashMap<synchronizedLinkedHashMap<concurrentSkipListMap<concurrentHashMap(EclipseCollections)<synchronizedHashMap<staticBucketMap(ApacheCommonsCollections)<synchronizedTreeMap
elementStack,false,682,com.thoughtworks.xstream.io.xml.SaxWriter,flushStartTag,Changes the type from java.util.List to treeList(ApacheCommonsCollections)<fastList(EclipseCollections)<arrayList<copyOnWriteArrayList<vector<synchronizedArrayList<synchronizedFastList(EclipseCollections)<nodeCachingLinkedList(ApacheCommonsCollections)<linkedList<synchronizedLinkedList
properties,false,285,com.thoughtworks.xstream.io.xml.SaxWriter,setProperty,Changes the type from java.util.Map to unifiedMap(EclipseCollections)<linkedHashMap<treeMap<hashedMap(ApacheCommonsCollections)<hashMap<synchronizedUnifiedMap(EclipseCollections)<concurrentSkipListMap<synchronizedLinkedHashMap<synchronizedTreeMap<hashtable<synchronizedHashMap<concurrentHashMap<concurrentHashMap(EclipseCollections)<staticBucketMap(ApacheCommonsCollections)
features,false,183,com.thoughtworks.xstream.io.xml.SaxWriter,setFeature,Changes the type from java.util.Map to unifiedMap(EclipseCollections)<linkedHashMap<treeMap<hashedMap(ApacheCommonsCollections)<hashMap<synchronizedUnifiedMap(EclipseCollections)<concurrentHashMap<hashtable<concurrentHashMap(EclipseCollections)<synchronizedLinkedHashMap<concurrentSkipListMap<synchronizedHashMap<staticBucketMap(ApacheCommonsCollections)<synchronizedTreeMap
unescapeCache,false,213,com.thoughtworks.xstream.io.xml.XmlFriendlyNameCoder,decodeName,Changes the type from java.util.Map to unifiedMap(EclipseCollections)<linkedHashMap<treeMap<hashedMap(ApacheCommonsCollections)<hashMap<synchronizedUnifiedMap(EclipseCollections)<concurrentHashMap<hashtable<concurrentHashMap(EclipseCollections)<synchronizedLinkedHashMap<concurrentSkipListMap<synchronizedHashMap<staticBucketMap(ApacheCommonsCollections)<synchronizedTreeMap
escapeCache,false,160,com.thoughtworks.xstream.io.xml.XmlFriendlyNameCoder,encodeName,Changes the type from java.util.Map to unifiedMap(EclipseCollections)<linkedHashMap<treeMap<hashedMap(ApacheCommonsCollections)<hashMap<synchronizedUnifiedMap(EclipseCollections)<concurrentHashMap<hashtable<concurrentHashMap(EclipseCollections)<synchronizedLinkedHashMap<concurrentSkipListMap<synchronizedHashMap<staticBucketMap(ApacheCommonsCollections)<synchronizedTreeMap
childMap,false,107,com.thoughtworks.xstream.io.xml.xppdom.XppDom,addChild,Changes the type from java.util.Map to unifiedMap(EclipseCollections)<hashedMap(ApacheCommonsCollections)<hashMap<linkedHashMap<treeMap<staticBucketMap(ApacheCommonsCollections)<concurrentHashMap<concurrentHashMap(EclipseCollections)<hashtable<synchronizedHashMap<synchronizedUnifiedMap(EclipseCollections)<synchronizedLinkedHashMap<concurrentSkipListMap<synchronizedTreeMap
values,true,200,com.thoughtworks.xstream.io.xml.xppdom.XppDom,build,Changes the type from java.util.ArrayList to treeList(ApacheCommonsCollections)<fastList(EclipseCollections)
attributes,false,89,com.thoughtworks.xstream.io.xml.xppdom.XppDom,setAttribute,Changes the type from java.util.Map to unifiedMap(EclipseCollections)<hashedMap(ApacheCommonsCollections)<hashMap<linkedHashMap<treeMap<concurrentHashMap<staticBucketMap(ApacheCommonsCollections)<concurrentHashMap(EclipseCollections)<hashtable<synchronizedHashMap<synchronizedUnifiedMap(EclipseCollections)<synchronizedLinkedHashMap<concurrentSkipListMap<synchronizedTreeMap
elements,true,195,com.thoughtworks.xstream.io.xml.xppdom.XppDom,build,Changes the type from java.util.ArrayList to treeList(ApacheCommonsCollections)<fastList(EclipseCollections)
names,true,128,com.thoughtworks.xstream.io.xml.xppdom.XppDomComparator,compareInternal,Changes the type from java.util.HashMap to unifiedMap(EclipseCollections)<linkedHashMap<treeMap<hashedMap(ApacheCommonsCollections)
nameToAlias,false,34,com.thoughtworks.xstream.mapper.AbstractAttributeAliasingMapper,addAliasFor,Changes the type from java.util.Map to unifiedMap(EclipseCollections)<hashedMap(ApacheCommonsCollections)<hashMap<linkedHashMap<treeMap<staticBucketMap(ApacheCommonsCollections)<concurrentHashMap<concurrentHashMap(EclipseCollections)<hashtable<synchronizedHashMap<synchronizedUnifiedMap(EclipseCollections)<synchronizedLinkedHashMap<concurrentSkipListMap<synchronizedTreeMap
aliasToName,false,33,com.thoughtworks.xstream.mapper.AbstractAttributeAliasingMapper,addAliasFor,Changes the type from java.util.Map to unifiedMap(EclipseCollections)<hashedMap(ApacheCommonsCollections)<hashMap<linkedHashMap<treeMap<staticBucketMap(ApacheCommonsCollections)<concurrentHashMap<concurrentHashMap(EclipseCollections)<hashtable<synchronizedHashMap<synchronizedUnifiedMap(EclipseCollections)<synchronizedLinkedHashMap<concurrentSkipListMap<synchronizedTreeMap
annotatedTypes,false,88,com.thoughtworks.xstream.mapper.AnnotationMapper,<init>,Changes the type from java.util.Set to treeSet<linkedHashSet<hashSet<unifiedSet(Eclipse Collections)<treeSortedSet(Eclipse Collections)<synchronizedHashSet<synchronizedLinkedHashSet<setFromConcurrentHashMap<concurrentSkipListSet<synchronizedTreeSet<synchronizedUnifiedSet(Eclipse Collections)<synchronizedTreeSortedSet(Eclipse Collections)
converterMapping,true,449,com.thoughtworks.xstream.mapper.AnnotationMapper,cacheConverter,Changes the type from java.util.Map to unifiedMap(EclipseCollections)<linkedHashMap<treeMap<hashedMap(ApacheCommonsCollections)<hashMap<synchronizedUnifiedMap(EclipseCollections)<concurrentHashMap<hashtable<concurrentHashMap(EclipseCollections)<synchronizedLinkedHashMap<concurrentSkipListMap<synchronizedHashMap<staticBucketMap(ApacheCommonsCollections)<synchronizedTreeMap
converterCache,false,447,com.thoughtworks.xstream.mapper.AnnotationMapper,cacheConverter,Changes the type from java.util.Map to unifiedMap(EclipseCollections)<linkedHashMap<treeMap<hashedMap(ApacheCommonsCollections)<hashMap<synchronizedUnifiedMap(EclipseCollections)<concurrentHashMap<hashtable<concurrentHashMap(EclipseCollections)<synchronizedLinkedHashMap<concurrentSkipListMap<synchronizedHashMap<staticBucketMap(ApacheCommonsCollections)<synchronizedTreeMap
fieldToUseAsAttribute,false,123,com.thoughtworks.xstream.mapper.AttributeMapper,addAttributeFor,Changes the type from java.util.Set to treeSet<linkedHashSet<hashSet<unifiedSet(Eclipse Collections)<treeSortedSet(Eclipse Collections)<synchronizedHashSet<synchronizedLinkedHashSet<setFromConcurrentHashMap<concurrentSkipListSet<synchronizedTreeSet<synchronizedUnifiedSet(Eclipse Collections)<synchronizedTreeSortedSet(Eclipse Collections)
fieldNameToTypeMap,false,85,com.thoughtworks.xstream.mapper.AttributeMapper,shouldLookForSingleValueConverter,Changes the type from java.util.Map to unifiedMap(EclipseCollections)<linkedHashMap<treeMap<hashedMap(ApacheCommonsCollections)<hashMap<synchronizedUnifiedMap(EclipseCollections)<concurrentSkipListMap<synchronizedLinkedHashMap<hashtable<synchronizedTreeMap<synchronizedHashMap<concurrentHashMap<concurrentHashMap(EclipseCollections)<staticBucketMap(ApacheCommonsCollections)
typeSet,false,57,com.thoughtworks.xstream.mapper.AttributeMapper,addAttributeFor,Changes the type from java.util.Set to treeSet<linkedHashSet<hashSet<unifiedSet(Eclipse Collections)<treeSortedSet(Eclipse Collections)<synchronizedHashSet<synchronizedLinkedHashSet<setFromConcurrentHashMap<concurrentSkipListSet<synchronizedTreeSet<synchronizedUnifiedSet(Eclipse Collections)<synchronizedTreeSortedSet(Eclipse Collections)
typeToName,false,43,com.thoughtworks.xstream.mapper.ClassAliasingMapper,addTypeAlias,Changes the type from java.util.Map to unifiedMap(EclipseCollections)<hashedMap(ApacheCommonsCollections)<hashMap<linkedHashMap<treeMap<concurrentHashMap<staticBucketMap(ApacheCommonsCollections)<concurrentHashMap(EclipseCollections)<hashtable<synchronizedHashMap<synchronizedUnifiedMap(EclipseCollections)<synchronizedLinkedHashMap<concurrentSkipListMap<synchronizedTreeMap
nameToType,false,37,com.thoughtworks.xstream.mapper.ClassAliasingMapper,addClassAlias,Changes the type from java.util.Map to unifiedMap(EclipseCollections)<hashedMap(ApacheCommonsCollections)<hashMap<linkedHashMap<treeMap<staticBucketMap(ApacheCommonsCollections)<concurrentHashMap<concurrentHashMap(EclipseCollections)<hashtable<synchronizedHashMap<synchronizedUnifiedMap(EclipseCollections)<synchronizedLinkedHashMap<concurrentSkipListMap<synchronizedTreeMap
classToName,false,38,com.thoughtworks.xstream.mapper.ClassAliasingMapper,addClassAlias,Changes the type from java.util.Map to unifiedMap(EclipseCollections)<hashedMap(ApacheCommonsCollections)<hashMap<linkedHashMap<treeMap<concurrentHashMap<staticBucketMap(ApacheCommonsCollections)<concurrentHashMap(EclipseCollections)<hashtable<synchronizedHashMap<synchronizedUnifiedMap(EclipseCollections)<synchronizedLinkedHashMap<concurrentSkipListMap<synchronizedTreeMap
typeToImpl,false,55,com.thoughtworks.xstream.mapper.DefaultImplementationsMapper,addDefaultImplementation,Changes the type from java.util.Map to unifiedMap(EclipseCollections)<hashedMap(ApacheCommonsCollections)<hashMap<linkedHashMap<treeMap<concurrentHashMap<staticBucketMap(ApacheCommonsCollections)<concurrentHashMap(EclipseCollections)<hashtable<synchronizedHashMap<synchronizedUnifiedMap(EclipseCollections)<synchronizedLinkedHashMap<concurrentSkipListMap<synchronizedTreeMap
implToType,false,56,com.thoughtworks.xstream.mapper.DefaultImplementationsMapper,addDefaultImplementation,Changes the type from java.util.Map to unifiedMap(EclipseCollections)<hashedMap(ApacheCommonsCollections)<hashMap<linkedHashMap<treeMap<staticBucketMap(ApacheCommonsCollections)<concurrentHashMap<concurrentHashMap(EclipseCollections)<hashtable<synchronizedHashMap<synchronizedUnifiedMap(EclipseCollections)<synchronizedLinkedHashMap<concurrentSkipListMap<synchronizedTreeMap
fieldsToOmit,false,40,com.thoughtworks.xstream.mapper.ElementIgnoringMapper,omitField,Changes the type from java.util.Set to treeSet<linkedHashSet<hashSet<unifiedSet(Eclipse Collections)<treeSortedSet(Eclipse Collections)<synchronizedHashSet<synchronizedLinkedHashSet<setFromConcurrentHashMap<concurrentSkipListSet<synchronizedTreeSet<synchronizedUnifiedSet(Eclipse Collections)<synchronizedTreeSortedSet(Eclipse Collections)
enumConverterMap,false,88,com.thoughtworks.xstream.mapper.EnumMapper,getLocalConverter,Changes the type from java.util.Map to unifiedMap(EclipseCollections)<linkedHashMap<treeMap<hashedMap(ApacheCommonsCollections)<hashMap<synchronizedUnifiedMap(EclipseCollections)<concurrentHashMap<hashtable<concurrentHashMap(EclipseCollections)<synchronizedLinkedHashMap<concurrentSkipListMap<synchronizedHashMap<staticBucketMap(ApacheCommonsCollections)<synchronizedTreeMap
fieldToAliasMap,false,38,com.thoughtworks.xstream.mapper.FieldAliasingMapper,addFieldAlias,Changes the type from java.util.Map to unifiedMap(EclipseCollections)<hashedMap(ApacheCommonsCollections)<hashMap<linkedHashMap<treeMap<staticBucketMap(ApacheCommonsCollections)<concurrentHashMap<concurrentHashMap(EclipseCollections)<hashtable<synchronizedHashMap<synchronizedUnifiedMap(EclipseCollections)<synchronizedLinkedHashMap<concurrentSkipListMap<synchronizedTreeMap
aliasToFieldMap,false,39,com.thoughtworks.xstream.mapper.FieldAliasingMapper,addFieldAlias,Changes the type from java.util.Map to unifiedMap(EclipseCollections)<hashedMap(ApacheCommonsCollections)<hashMap<linkedHashMap<treeMap<staticBucketMap(ApacheCommonsCollections)<concurrentHashMap<concurrentHashMap(EclipseCollections)<hashtable<synchronizedHashMap<synchronizedUnifiedMap(EclipseCollections)<synchronizedLinkedHashMap<concurrentSkipListMap<synchronizedTreeMap
unreferenceableTypes,false,56,com.thoughtworks.xstream.mapper.ImmutableTypesMapper,addImmutableType,Changes the type from java.util.Set to treeSet<linkedHashSet<unifiedSet(Eclipse Collections)<hashSet<treeSortedSet(Eclipse Collections)<setFromConcurrentHashMap<synchronizedHashSet<synchronizedLinkedHashSet<concurrentSkipListSet<synchronizedTreeSet<synchronizedUnifiedSet(Eclipse Collections)<synchronizedTreeSortedSet(Eclipse Collections)
immutableTypes,false,54,com.thoughtworks.xstream.mapper.ImmutableTypesMapper,addImmutableType,Changes the type from java.util.Set to treeSet<linkedHashSet<hashSet<unifiedSet(Eclipse Collections)<treeSortedSet(Eclipse Collections)<synchronizedHashSet<synchronizedLinkedHashSet<setFromConcurrentHashMap<concurrentSkipListSet<synchronizedTreeSet<synchronizedUnifiedSet(Eclipse Collections)<synchronizedTreeSortedSet(Eclipse Collections)
classNameToMapper,false,41,com.thoughtworks.xstream.mapper.ImplicitCollectionMapper,getMapper,Changes the type from java.util.Map to unifiedMap(EclipseCollections)<linkedHashMap<treeMap<hashedMap(ApacheCommonsCollections)<hashMap<synchronizedUnifiedMap(EclipseCollections)<concurrentHashMap<hashtable<synchronizedLinkedHashMap<concurrentHashMap(EclipseCollections)<concurrentSkipListMap<synchronizedHashMap<staticBucketMap(ApacheCommonsCollections)<synchronizedTreeMap
itemFieldNameToDef,false,206,com.thoughtworks.xstream.mapper.ImplicitCollectionMapper$ImplicitCollectionMapperForClass,getImplicitCollectionDefByItemFieldName,Changes the type from java.util.Map to unifiedMap(EclipseCollections)<hashedMap(ApacheCommonsCollections)<hashMap<linkedHashMap<treeMap<staticBucketMap(ApacheCommonsCollections)<concurrentHashMap<concurrentHashMap(EclipseCollections)<hashtable<synchronizedHashMap<synchronizedUnifiedMap(EclipseCollections)<synchronizedLinkedHashMap<concurrentSkipListMap<synchronizedTreeMap
namedItemTypeToDef,false,166,com.thoughtworks.xstream.mapper.ImplicitCollectionMapper$ImplicitCollectionMapperForClass,getFieldNameForItemTypeAndName,Changes the type from java.util.Map to unifiedMap(EclipseCollections)<hashedMap(ApacheCommonsCollections)<hashMap<linkedHashMap<treeMap<staticBucketMap(ApacheCommonsCollections)<concurrentHashMap<concurrentHashMap(EclipseCollections)<hashtable<synchronizedHashMap<synchronizedUnifiedMap(EclipseCollections)<synchronizedLinkedHashMap<concurrentSkipListMap<synchronizedTreeMap
fieldNameToDef,false,217,com.thoughtworks.xstream.mapper.ImplicitCollectionMapper$ImplicitCollectionMapperForClass,getImplicitCollectionDefForFieldName,Changes the type from java.util.Map to unifiedMap(EclipseCollections)<hashedMap(ApacheCommonsCollections)<hashMap<linkedHashMap<treeMap<staticBucketMap(ApacheCommonsCollections)<concurrentHashMap<concurrentHashMap(EclipseCollections)<hashtable<synchronizedHashMap<synchronizedUnifiedMap(EclipseCollections)<synchronizedLinkedHashMap<concurrentSkipListMap<synchronizedTreeMap
localConverters,false,44,com.thoughtworks.xstream.mapper.LocalConversionMapper,registerLocalConverter,Changes the type from java.util.Map to unifiedMap(EclipseCollections)<hashedMap(ApacheCommonsCollections)<hashMap<linkedHashMap<treeMap<staticBucketMap(ApacheCommonsCollections)<concurrentHashMap<concurrentHashMap(EclipseCollections)<hashtable<synchronizedHashMap<synchronizedUnifiedMap(EclipseCollections)<synchronizedLinkedHashMap<concurrentSkipListMap<synchronizedTreeMap
wrapperMap,true,49,com.thoughtworks.xstream.mapper.MapperWrapper,<init>,Changes the type from java.util.HashMap to unifiedMap(EclipseCollections)<hashedMap(ApacheCommonsCollections)
nameToPackage,false,53,com.thoughtworks.xstream.mapper.PackageAliasingMapper,addPackageAlias,Changes the type from java.util.Map to unifiedMap(EclipseCollections)<linkedHashMap<hashedMap(ApacheCommonsCollections)<hashMap<treeMap<concurrentHashMap<hashtable<synchronizedUnifiedMap(EclipseCollections)<concurrentHashMap(EclipseCollections)<staticBucketMap(ApacheCommonsCollections)<synchronizedLinkedHashMap<synchronizedHashMap<concurrentSkipListMap<synchronizedTreeMap
